track_key,tempo_period,color_index,theme_index,tempo_source,energy,updated_at
'til tuesday - voices carry,0.6,5,2,ai_prepop,dark,2026-08-16 05:19:38
*nsync - bye bye bye,0.6503641605377197,4,8,operator,fast,2026-08-16 05:19:38
*nsync - it's gonna be me,0.6,3,1,ai_prepop,fast,2026-08-16 05:19:38
*nsync - tearin' up my heart - radio edit,0.46153846153846156,4,1,ai_prepop,fast,2026-08-16 05:19:38
311 - amber,0.7058823529411765,9,0,ai_prepop,slow,2026-08-16 05:19:38
50 cent - in da club,0.6666666666666666,7,8,ai_prepop,fast,2026-08-16 05:19:38
"50 cent, olivia - candy shop",0.6451612903225806,9,8,operator,fast,2026-08-16 05:19:38
a tribe called quest - can i kick it?,0.6521739130434783,1,7,online,fast,2026-08-16 05:19:38
a tribe called quest - rap promoter,0.625,4,1,ai_prepop,fast,2026-08-16 05:19:38
a-ha - take on me,0.37035417556762695,5,11,operator,,2026-08-16 05:19:38
aaliyah - back & forth,1.271646499633789,1,6,operator,,2026-08-16 05:19:38
abba - mamma mia,0.4411764705882353,3,11,ai_prepop,fast,2026-08-16 05:19:38
ac/dc - are you ready,0.46153846153846156,7,9,ai_prepop,fast,2026-08-16 05:19:38
ac/dc - back in black,1.9550426006317139,3,8,operator,,2026-08-16 05:19:38
ac/dc - hells bells,1.2721033096313477,3,8,operator,,2026-08-16 05:19:38
ac/dc - thunderstruck,0.4355105559031169,0,3,operator,,2026-08-16 05:19:38
ac/dc - you shook me all night long,0.46875,3,4,ai_prepop,fast,2026-08-16 05:19:38
adam & the ants - stand and deliver,0.4,7,1,ai_prepop,fast,2026-08-16 05:19:38
aerosmith - sweet emotion,0.647233804066976,0,8,operator,,2026-08-16 05:19:38
air supply - all out of love,0.8571428571428571,9,7,ai_prepop,slow,2026-08-16 05:19:38
air supply - lost in love,0.8108108108108109,9,6,ai_prepop,slow,2026-08-16 05:19:38
alabama - dixieland delight,0.5769230769230769,7,1,ai_prepop,fast,2026-08-16 05:19:38
alice cooper - poison,0.5458640257517496,3,9,operator,,2026-08-16 05:19:38
alice in chains - bleed the freak,0.7894736842105263,9,5,ai_prepop,dark,2026-08-16 05:19:38
alice in chains - man in the box,0.5454545454545454,9,6,ai_prepop,dark,2026-08-16 05:19:38
alice in chains - would? (2022 remaster),0.5454545454545454,9,2,ai_prepop,dark,2026-08-16 05:19:38
annie lennox - walking on broken glass,0.5,4,4,ai_prepop,fast,2026-08-16 05:19:38
avril lavigne - complicated,0.5,3,8,ai_prepop,fast,2026-08-16 05:19:38
avril lavigne - sk8er boi,0.3922720750172933,8,1,operator,,2026-08-16 05:19:38
"axwell /\ ingrosso, axwell, sebastian ingrosso - dreamer",0.47619047619047616,4,9,ai_prepop,fast,2026-08-16 05:19:38
b*witched - c'est la vie,0.6,-1,-1,online,fast,2026-08-16 05:19:38
"b.o.b, bruno mars - nothin' on you (feat. bruno mars)",0.6,6,7,ai_prepop,slow,2026-08-16 05:19:38
"baby bash, frankie j - suga suga",2.0,4,5,operator,fast,2026-08-16 05:19:38
backstreet boys - i want it that way,2.0,4,1,operator,,2026-08-16 05:19:38
bananarama - venus,0.44776119402985076,3,1,ai_prepop,fast,2026-08-16 05:19:38
barry manilow - copacabana (at the copa),0.5095805327097574,3,2,operator,,2026-08-16 05:19:38
"bee gees - stayin' alive - from ""saturday night fever"" soundtrack",0.5825242718446602,3,8,ai_prepop,fast,2026-08-16 05:19:38
ben e. king - stand by me,1.0000441869099934,3,7,operator,,2026-08-16 05:19:38
"berlin - take my breath away - love theme from ""top gun""",0.7894736842105263,6,12,online,slow,2026-08-16 05:19:38
beyoncé - halo,0.7267824014027914,6,2,operator,,2026-08-16 05:19:38
beyoncé - single ladies (put a ring on it),0.6185567010309279,4,1,ai_prepop,fast,2026-08-16 05:19:38
"beyoncé, jay-z - crazy in love (feat. jay-z)",0.5693099498748779,4,2,operator,,2026-08-16 05:19:38
"big pun, joe - still not a player (feat. joe)",0.6185567010309279,7,1,ai_prepop,fast,2026-08-16 05:19:38
bill haley & his comets - (we're gonna) rock around the clock - single version,0.3333333333333333,3,11,ai_prepop,fast,2026-08-16 05:19:38
"bill medley, jennifer warnes - (i've had) the time of my life - from ""dirty dancing"" soundtrack",0.5,1,0,ai_prepop,slow,2026-08-16 05:19:38
billy joel - it's still rock and roll to me,0.4225352112676056,3,9,ai_prepop,fast,2026-08-16 05:19:38
billy joel - piano man,1.0402454535166423,5,5,operator,,2026-08-16 05:19:38
billy joel - uptown girl,0.5263157894736842,7,8,ai_prepop,fast,2026-08-16 05:19:38
billy joel - we didn't start the fire,0.5555555555555556,3,8,ai_prepop,fast,2026-08-16 05:19:38
billy ocean - caribbean queen (no more love on the run),0.5172413793103449,7,1,ai_prepop,fast,2026-08-16 05:19:38
black eyed peas - i gotta feeling,0.46875,3,11,ai_prepop,fast,2026-08-16 05:19:38
blink-182 - all the small things,0.40540540540540543,7,1,ai_prepop,fast,2026-08-16 05:19:38
blink-182 - what's my age again?,0.39473684210526316,3,8,ai_prepop,fast,2026-08-16 05:19:38
"blue swede, björn skifs - hooked on a feeling",0.5357142857142857,9,8,operator,fast,2026-08-16 05:19:38
bob dylan - blowin' in the wind,0.7894736842105263,9,6,ai_prepop,slow,2026-08-16 05:19:38
bob marley & the wailers - could you be loved,0.5882352941176471,7,4,ai_prepop,fast,2026-08-16 05:19:38
bob marley & the wailers - i shot the sheriff,0.6,0,7,ai_prepop,slow,2026-08-16 05:19:38
bob seger - old time rock & roll,0.5,-1,-1,online,,2026-08-16 05:19:38
bobby darin - dream lover,2.0,4,1,operator,,2026-08-16 05:19:38
bobby day - rockin' robin,0.42857142857142855,7,11,ai_prepop,fast,2026-08-16 05:19:38
bon jovi - livin' on a prayer,0.4918032786885246,4,9,ai_prepop,fast,2026-08-16 05:19:38
bon jovi - you give love a bad name,0.9362335999806722,5,1,operator,,2026-08-16 05:19:38
bonnie tyler - total eclipse of the heart,0.8823529411764706,9,7,operator,slow,2026-08-16 05:19:38
britney spears - (you drive me) crazy,0.4580152671755725,7,1,ai_prepop,fast,2026-08-16 05:19:38
britney spears - ...baby one more time,0.6521739130434783,4,8,ai_prepop,fast,2026-08-16 05:19:38
britney spears - gimme more,0.6,9,5,ai_prepop,dark,2026-08-16 05:19:38
britney spears - oops!...i did it again,0.631578947368421,3,4,ai_prepop,fast,2026-08-16 05:19:38
britney spears - toxic,0.4195804195804196,3,11,ai_prepop,fast,2026-08-16 05:19:38
britney spears - womanizer,0.5,4,11,ai_prepop,fast,2026-08-16 05:19:38
bronski beat - smalltown boy,0.4838709677419355,4,9,ai_prepop,fast,2026-08-16 05:19:38
brooks & dunn - neon moon,0.8571428571428571,1,6,ai_prepop,slow,2026-08-16 05:19:38
bruce hornsby and the range - the way it is,2.0,9,2,operator,,2026-08-16 05:19:38
bruce springsteen - dancing in the dark,0.40540540540540543,3,1,ai_prepop,fast,2026-08-16 05:19:38
bruce springsteen - glory days,0.4444444444444444,3,8,ai_prepop,fast,2026-08-16 05:19:38
bruce springsteen - hungry heart,0.3614457831325301,7,1,ai_prepop,fast,2026-08-16 05:19:38
bruce springsteen - streets of philadelphia - single edit,0.6976744186046512,9,12,ai_prepop,dark,2026-08-16 05:19:38
bruno mars - just the way you are,0.5504587155963303,0,0,ai_prepop,slow,2026-08-16 05:19:38
bryan adams - summer of '69,0.42857142857142855,7,8,ai_prepop,fast,2026-08-16 05:19:38
buddy holly - that'll be the day,0.46153846153846156,7,9,ai_prepop,fast,2026-08-16 05:19:38
cake - never there,0.5193993250528971,4,5,operator,,2026-08-16 05:19:38
cake - the distance,0.5,4,11,online,fast,2026-08-16 05:19:38
cheap trick - the flame,0.9090909090909091,0,12,ai_prepop,slow,2026-08-16 05:19:38
chris brown - forever,0.46153846153846156,3,9,ai_prepop,fast,2026-08-16 05:19:38
chris grey - wrong,0.5,3,1,ai_prepop,fast,2026-08-16 05:19:38
christina aguilera - come on over baby (all i want is you) - radio version,0.45454545454545453,4,9,ai_prepop,fast,2026-08-16 05:19:38
christina aguilera - genie in a bottle,0.6060606060606061,4,8,ai_prepop,fast,2026-08-16 05:19:38
christina aguilera - what a girl wants,0.6,-1,-1,online,,2026-08-16 05:19:38
chubby checker - the twist,0.4,4,9,ai_prepop,fast,2026-08-16 05:19:38
chuck berry - roll over beethoven - single version,0.35714285714285715,7,8,ai_prepop,fast,2026-08-16 05:19:38
"ciara, missy elliott - 1, 2 step (feat. missy elliott)",0.46153846153846156,7,9,ai_prepop,fast,2026-08-16 05:19:38
coldplay - yellow,0.6896551724137931,8,12,ai_prepop,slow,2026-08-16 05:19:38
conki - oh my love,0.6666666666666666,8,12,ai_prepop,slow,2026-08-16 05:19:38
connie francis - stupid cupid,0.46153846153846156,4,9,ai_prepop,fast,2026-08-16 05:19:38
"coolio, l.v. - gangsta's paradise",0.7317073170731707,9,5,ai_prepop,dark,2026-08-16 05:19:38
counting crows - mr. jones,0.8356972535451254,1,8,operator,,2026-08-16 05:19:38
cowboy junkies - sweet jane,0.5095805327097574,3,2,operator,,2026-08-16 05:19:38
crazy town - butterfly,0.6521739130434783,4,6,ai_prepop,dark,2026-08-16 05:19:38
creedence clearwater revival - have you ever seen the rain?,0.5172413793103449,7,1,ai_prepop,fast,2026-08-16 05:19:38
"crosby, stills, nash & young - our house",2.0,8,8,operator,,2026-08-16 05:19:38
cyndi lauper - girls just want to have fun,0.5,4,8,ai_prepop,fast,2026-08-16 05:19:38
cyndi lauper - time after time,0.9090909090909091,9,10,ai_prepop,slow,2026-08-16 05:19:38
cyndi lauper - true colors,0.8823529411764706,9,10,ai_prepop,slow,2026-08-16 05:19:38
cypress hill - hits from the bong,0.6451612903225806,9,2,ai_prepop,dark,2026-08-16 05:19:38
cypress hill - insane in the brain,0.6521739130434783,9,6,online,fast,2026-08-16 05:19:38
céline dion - all by myself,0.7894736842105263,9,0,online,slow,2026-08-16 05:19:38
"céline dion - because you loved me (theme from ""up close and personal"")",1.2273866335550945,4,1,operator,,2026-08-16 05:19:38
"céline dion - my heart will go on - love theme from ""titanic""",0.8955223880597015,9,12,ai_prepop,slow,2026-08-16 05:19:38
daddy yankee - gasolina,0.6122448979591837,7,11,ai_prepop,fast,2026-08-16 05:19:38
danny & the juniors - at the hop,0.35714285714285715,4,1,ai_prepop,fast,2026-08-16 05:19:38
daryl braithwaite - one summer,0.42857142857142855,7,4,ai_prepop,fast,2026-08-16 05:19:38
daryl braithwaite - the horses,0.5,1,6,ai_prepop,slow,2026-08-16 05:19:38
daryl hall & john oates - maneater,0.5357142857142857,9,5,ai_prepop,dark,2026-08-16 05:19:38
daryl hall & john oates - private eyes,0.5084745762711864,4,9,ai_prepop,fast,2026-08-16 05:19:38
daryl hall & john oates - you make my dreams (come true),0.5263157894736842,4,11,ai_prepop,fast,2026-08-16 05:19:38
david bowie - let's dance - 2018 remaster,0.5357142857142857,8,10,operator,fast,2026-08-16 05:19:38
david bowie - space oddity - 2009 remastered version,0.8333333333333334,6,0,ai_prepop,slow,2026-08-16 05:19:38
dead or alive - you spin me round (like a record),0.4838709677419355,4,4,ai_prepop,fast,2026-08-16 05:19:38
dean martin - that's amore - 1996 digital remaster,1.1311181386311848,0,2,operator,,2026-08-16 05:19:38
"deniece williams - let's hear it for the boy - from ""footloose"" original soundtrack",0.5,4,8,ai_prepop,fast,2026-08-16 05:19:38
depeche mode - depeche mode - enjoy the silence (live in berlin),0.75,-1,-1,online,slow,2026-08-16 05:19:38
depeche mode - just can't get enough,0.5,4,9,ai_prepop,fast,2026-08-16 05:19:38
depeche mode - never let me down again,0.6122448979591837,5,6,ai_prepop,dark,2026-08-16 05:19:38
depeche mode - people are people,0.5,9,6,ai_prepop,dark,2026-08-16 05:19:38
depeche mode - personal jesus,0.5,5,5,ai_prepop,dark,2026-08-16 05:19:38
depeche mode - policy of truth,0.6,9,5,ai_prepop,dark,2026-08-16 05:19:38
depeche mode - strangelove,0.5,5,12,ai_prepop,dark,2026-08-16 05:19:38
"destiny's child - bills, bills, bills",1.5752283732096355,4,5,operator,,2026-08-16 05:19:38
"destiny's child - independent women, pt. 1",0.6,3,4,ai_prepop,fast,2026-08-16 05:19:38
"destiny's child - jumpin', jumpin'",0.42857142857142855,3,4,ai_prepop,fast,2026-08-16 05:19:38
destiny's child - say my name,2.0,3,9,operator,,2026-08-16 05:19:38
destiny's child - survivor,0.5,5,9,operator,fast,2026-08-16 05:19:38
dido - thank you,0.7601883411407471,0,10,operator,,2026-08-16 05:19:38
dion - runaround sue - remastered 1991,0.41379310344827586,4,8,ai_prepop,fast,2026-08-16 05:19:38
dolly parton - 9 to 5,0.5805724461873373,8,6,operator,fast,2026-08-16 05:19:38
don mclean - american pie,0.5769230769230769,0,2,operator,slow,2026-08-16 05:19:38
donovan - mellow yellow,0.5357142857142857,7,0,operator,slow,2026-08-16 05:19:38
"doris day, frank devol & his orchestra - whatever will be, will be (que sera, sera) (with frank devol & his orchestra) - single version",0.5769230769230769,1,6,ai_prepop,slow,2026-08-16 05:19:38
"dr. dre, snoop dogg - still d.r.e.",1.266873836517334,0,9,operator,,2026-08-16 05:19:38
"dr. dre, snoop dogg - the next episode",1.873060703277588,0,2,operator,,2026-08-16 05:19:38
duran duran - hungry like the wolf - 2009 remaster,0.42857142857142855,7,8,ai_prepop,fast,2026-08-16 05:19:38
dusty springfield - son of a preacher man,1.080861488978068,7,0,operator,,2026-08-16 05:19:38
eagles - take it easy - 2013 remaster,0.8190992673238119,1,7,operator,,2026-08-16 05:19:38
"earth, wind & fire - let's groove",2.0,2,1,operator,,2026-08-16 05:19:38
"earth, wind & fire - september",0.5036779244740804,5,8,operator,,2026-08-16 05:19:38
eddie money - take me home tonight,0.5,3,9,ai_prepop,fast,2026-08-16 05:19:38
elton john - bennie and the jets - remastered 2014,0.8874886830647787,9,10,operator,fast,2026-08-16 05:19:38
elvis presley - blue suede shoes,0.3222026030222575,4,10,operator,,2026-08-16 05:19:38
eminem - lose yourself,0.7058823529411765,-1,-1,online,dark,2026-08-16 05:19:38
eminem - the real slim shady,0.5769230769230769,5,2,ai_prepop,dark,2026-08-16 05:19:38
eminem - without me,0.5357142857142857,4,5,ai_prepop,dark,2026-08-16 05:19:38
"eminem, nate dogg - till i collapse",0.7142857142857143,5,5,ai_prepop,dark,2026-08-16 05:19:38
"eric carmen - hungry eyes - from ""dirty dancing"" soundtrack",1.571801781654358,9,12,operator,,2026-08-16 05:19:38
eric carmen - make me lose control,0.45454545454545453,3,8,ai_prepop,fast,2026-08-16 05:19:38
europe - the final countdown,0.5263157894736842,7,4,ai_prepop,fast,2026-08-16 05:19:38
"eurythmics, annie lennox, dave stewart - sweet dreams (are made of this) - 2005 remaster",0.4838709677419355,5,5,ai_prepop,dark,2026-08-16 05:19:38
eve 6 - inside out,1.3127820491790771,0,7,operator,,2026-08-16 05:19:38
"fall out boy - sugar, we're goin down",0.6976744186046512,4,12,ai_prepop,dark,2026-08-16 05:19:38
"far east movement, the cataracs, dev - like a g6",1.1177535851796467,4,6,operator,,2026-08-16 05:19:38
fiona apple - criminal,0.6666666666666666,5,6,ai_prepop,dark,2026-08-16 05:19:38
fleetwood mac - dreams - 2004 remaster,0.5,8,12,ai_prepop,slow,2026-08-16 05:19:38
fleetwood mac - everywhere,0.5,-1,-1,online,fast,2026-08-16 05:19:38
fleetwood mac - everywhere - 2017 remaster,0.5263157894736842,4,11,ai_prepop,fast,2026-08-16 05:19:38
"flo rida, t-pain - low (feat. t-pain)",0.9230769230769231,3,4,ai_prepop,fast,2026-08-16 05:19:38
foo fighters - everlong,0.36585365853658536,4,4,online,fast,2026-08-16 05:19:38
foo fighters - learn to fly,0.8489276568094889,2,0,operator,,2026-08-16 05:19:38
foreigner - i want to know what love is - 1999 remaster,2.0,4,3,operator,,2026-08-16 05:19:38
foster the people - pumped up kicks,0.46875,5,2,ai_prepop,dark,2026-08-16 05:19:38
"four tops - i can't help myself (sugar pie, honey bunch)",0.4622220993041992,6,0,operator,,2026-08-16 05:19:38
frank sinatra - come fly with me - remastered,0.46153846153846156,4,11,ai_prepop,fast,2026-08-16 05:19:38
frankie lymon & the teenagers - why do fools fall in love,0.6786886850992838,0,1,operator,,2026-08-16 05:19:38
fuel - shimmer,0.6666666666666666,5,2,ai_prepop,dark,2026-08-16 05:19:38
"fugees, ms. lauryn hill - killing me softly with his song",2.0,3,6,operator,,2026-08-16 05:19:38
"fugees, ms. lauryn hill, wyclef jean, pras - fu-gee-la",0.626351515452067,0,2,operator,,2026-08-16 05:19:38
"fugees, ms. lauryn hill, wyclef jean, pras - ready or not",0.6666666666666666,4,12,ai_prepop,dark,2026-08-16 05:19:38
george michael - careless whisper,0.5084745762711864,9,7,ai_prepop,slow,2026-08-16 05:19:38
george michael - faith - remastered,0.625,7,4,ai_prepop,fast,2026-08-16 05:19:38
george michael - father figure - remastered,0.5998019377390543,6,2,operator,,2026-08-16 05:19:38
george michael - freedom! '90 - edit,0.6122448979591837,3,4,ai_prepop,fast,2026-08-16 05:19:38
ghost town djs - my boo - hitman's club mix,0.44776119402985076,3,8,ai_prepop,fast,2026-08-16 05:19:38
ginuwine - differences,0.6666666666666666,8,6,ai_prepop,slow,2026-08-16 05:19:38
ginuwine - pony,0.5,9,12,operator,,2026-08-16 05:19:38
ginuwine - so anxious,0.6521739130434783,0,10,online,slow,2026-08-16 05:19:38
"gnarls barkley, ceelo green, danger mouse - crazy",0.5357142857142857,5,6,ai_prepop,dark,2026-08-16 05:19:38
green day - basket case,0.35714285714285715,3,8,online,fast,2026-08-16 05:19:38
guns n' roses - knockin' on heaven's door,0.9036099116007487,5,3,operator,,2026-08-16 05:19:38
guns n' roses - november rain,0.9090909090909091,5,12,ai_prepop,slow,2026-08-16 05:19:38
guns n' roses - paradise city,1.2663834889729817,5,7,operator,,2026-08-16 05:19:38
guns n' roses - sweet child o' mine,0.48,7,8,ai_prepop,fast,2026-08-16 05:19:38
guns n' roses - welcome to the jungle,0.46875,9,5,ai_prepop,dark,2026-08-16 05:19:38
gwen stefani - hollaback girl,1.0866198539733887,3,11,operator,,2026-08-16 05:19:38
"hank williams - hey, good lookin'",0.35714285714285715,4,8,ai_prepop,fast,2026-08-16 05:19:38
incubus - drive,0.7058823529411765,9,6,ai_prepop,slow,2026-08-16 05:19:38
indigo girls - closer to fine,0.4166666666666667,7,8,ai_prepop,fast,2026-08-16 05:19:38
iyaz - replay,0.5,3,9,ai_prepop,fast,2026-08-16 05:19:38
jackie wilson - (your love keeps lifting me) higher & higher,0.46875,4,9,ai_prepop,fast,2026-08-16 05:19:38
jamiroquai - virtual insanity - remastered 2006,0.5,7,9,ai_prepop,fast,2026-08-16 05:19:38
janis joplin - me and bobby mcgee,0.46875,3,4,ai_prepop,fast,2026-08-16 05:19:38
"jeff buckley - lover, you should've come over",1.1567839781443279,6,2,operator,,2026-08-16 05:19:38
jefferson airplane - somebody to love,0.44776119402985076,3,11,ai_prepop,fast,2026-08-16 05:19:38
jennifer lopez - if you had my love,0.6521739130434783,3,8,ai_prepop,fast,2026-08-16 05:19:38
jennifer lopez - let's get loud,0.5769230769230769,3,9,ai_prepop,fast,2026-08-16 05:19:38
jennifer lopez - waiting for tonight,0.46153846153846156,4,1,online,fast,2026-08-16 05:19:38
jerry lee lewis - great balls of fire,0.36809815950920244,7,4,ai_prepop,fast,2026-08-16 05:19:38
jimi hendrix - all along the watchtower,1.177949587504069,9,11,operator,,2026-08-16 05:19:38
joan jett & the blackhearts - i hate myself for loving you,1.1609830856323242,0,9,operator,,2026-08-16 05:19:38
joan jett & the blackhearts - i love rock 'n roll,0.5084745762711864,3,9,ai_prepop,fast,2026-08-16 05:19:38
"john denver - take me home, country roads - rerecorded",0.6521739130434783,5,0,ai_prepop,slow,2026-08-16 05:19:38
johnny cash - i walk the line - single version,0.42857142857142855,7,1,ai_prepop,fast,2026-08-16 05:19:38
journey - any way you want it (2024 remaster),0.46153846153846156,3,8,ai_prepop,fast,2026-08-16 05:19:38
journey - don't stop believin' (2024 remaster),0.5042016806722689,7,1,ai_prepop,fast,2026-08-16 05:19:38
journey - open arms (2024 remaster),2.0,6,2,operator,,2026-08-16 05:19:38
journey - separate ways (worlds apart) [2024 remaster],1.1609830856323242,4,8,operator,,2026-08-16 05:19:38
judas priest - you've got another thing coming,0.4166666666666667,5,2,ai_prepop,dark,2026-08-16 05:19:38
"justin bieber, ludacris - baby",0.5,-1,-1,online,fast,2026-08-16 05:19:38
justin timberlake - cry me a river,0.6521739130434783,5,12,ai_prepop,dark,2026-08-16 05:19:38
justin timberlake - rock your body,0.6,3,4,ai_prepop,fast,2026-08-16 05:19:38
"justin timberlake, timbaland - sexyback (feat. timbaland)",0.5,4,12,ai_prepop,dark,2026-08-16 05:19:38
kanye west - stronger,0.5769230769230769,4,9,ai_prepop,fast,2026-08-16 05:19:38
"kanye west, jamie foxx - gold digger",0.6,5,0,operator,,2026-08-16 05:19:38
kate bush - running up that hill (a deal with god) - 2018 remaster,0.5555555555555556,5,5,ai_prepop,dark,2026-08-16 05:19:38
katrina & the waves - walking on sunshine,0.5454545454545454,7,1,ai_prepop,fast,2026-08-16 05:19:38
katy perry - hot n cold,0.5,3,4,ai_prepop,fast,2026-08-16 05:19:38
katy perry - i kissed a girl,0.5,3,11,ai_prepop,fast,2026-08-16 05:19:38
kelly clarkson - because of you,2.0,3,1,operator,,2026-08-16 05:19:38
kelly clarkson - since u been gone,0.42676663398742676,2,2,operator,,2026-08-16 05:19:38
"kenny loggins - danger zone - from ""top gun"" original soundtrack",0.46875,3,9,ai_prepop,fast,2026-08-16 05:19:38
kenny loggins - footloose,0.35714285714285715,4,11,ai_prepop,fast,2026-08-16 05:19:38
kesha - tik tok,0.5,7,1,ai_prepop,fast,2026-08-16 05:19:38
korn - freak on a leash,0.6521739130434783,4,6,ai_prepop,dark,2026-08-16 05:19:38
kris kross - jump,0.6,7,1,ai_prepop,fast,2026-08-16 05:19:38
la bouche - be my lover,0.40741292635599774,2,5,operator,fast,2026-08-16 05:19:38
lady gaga - bad romance,0.5042016806722689,9,5,ai_prepop,dark,2026-08-16 05:19:38
lady gaga - poker face,2.0,7,2,operator,fast,2026-08-16 05:19:38
"lady gaga, colby o'donis - just dance",0.5042016806722689,3,9,ai_prepop,fast,2026-08-16 05:19:38
led zeppelin - whole lotta love - 1990 remaster,0.6666666666666666,5,6,ai_prepop,dark,2026-08-16 05:19:38
len - steal my sunshine - single version,0.6521739130434783,3,4,online,fast,2026-08-16 05:19:38
leona lewis - bleeding love,0.5,9,0,operator,,2026-08-16 05:19:38
lit - my own worst enemy,0.3488372093023256,7,4,ai_prepop,fast,2026-08-16 05:19:38
little richard - tutti frutti,0.6475562254587809,3,11,operator,,2026-08-16 05:19:38
living colour - cult of personality,2.0,7,7,operator,,2026-08-16 05:19:38
living colour - cult of personality (2023 remaster),0.46153846153846156,9,5,ai_prepop,dark,2026-08-16 05:19:38
lou bega - mambo no. 5 (a little bit of...),0.6376517613728842,8,5,operator,,2026-08-16 05:19:38
louis armstrong - what a wonderful world,1.3636363636363635,9,6,ai_prepop,slow,2026-08-16 05:19:38
love affair - everlasting love,0.46875,3,8,ai_prepop,fast,2026-08-16 05:19:38
loverboy - turn me loose,0.46153846153846156,4,1,ai_prepop,fast,2026-08-16 05:19:38
loverboy - working for the weekend,0.46875,3,9,ai_prepop,fast,2026-08-16 05:19:38
luther vandross - never too much,0.5084745762711864,3,11,ai_prepop,fast,2026-08-16 05:19:38
lynyrd skynyrd - free bird,1.0,6,7,ai_prepop,slow,2026-08-16 05:19:38
m.i.a. - paper planes,0.6666666666666666,5,5,ai_prepop,dark,2026-08-16 05:19:38
macy gray - i try,0.7142857142857143,9,6,ai_prepop,slow,2026-08-16 05:19:38
madonna - like a prayer,0.5084745762711864,3,11,ai_prepop,fast,2026-08-16 05:19:38
"madonna, justin timberlake, timbaland - 4 minutes (feat. justin timberlake & timbaland)",0.5,6,2,operator,,2026-08-16 05:19:38
manfred mann - do wah diddy diddy - 1997 remastered version,0.42857142857142855,4,8,ai_prepop,fast,2026-08-16 05:19:38
mariah carey - always be my baby,0.7692307692307693,9,0,ai_prepop,slow,2026-08-16 05:19:38
mariah carey - fantasy,0.5357142857142857,4,1,ai_prepop,fast,2026-08-16 05:19:38
mariah carey - hero,0.8333333333333334,0,0,ai_prepop,slow,2026-08-16 05:19:38
mariah carey - my all,0.6521739130434783,-1,-1,online,,2026-08-16 05:19:38
"mariah carey, ol' dirty bastard - fantasy (feat. o.d.b.)",0.5357142857142857,9,12,ai_prepop,dark,2026-08-16 05:19:38
"mark ronson, bruno mars - uptown funk (feat. bruno mars)",0.5769230769230769,-1,-1,online,,2026-08-16 05:19:38
maroon 5 - this love,0.6,4,12,ai_prepop,dark,2026-08-16 05:19:38
martina mcbride - independence day,0.45454545454545453,5,5,ai_prepop,dark,2026-08-16 05:19:38
marvin gaye - sexual healing,0.6818181818181818,0,0,ai_prepop,slow,2026-08-16 05:19:38
"marvin gaye, tammi terrell - ain't no mountain high enough - mono",0.5769230769230769,4,11,online,fast,2026-08-16 05:19:38
matthew wilder - break my stride,0.39473684210526316,3,11,ai_prepop,fast,2026-08-16 05:19:38
mazzy star - fade into you,0.8571428571428571,6,12,ai_prepop,slow,2026-08-16 05:19:38
meat loaf - paradise by the dashboard light,0.3490026791890462,0,1,operator,,2026-08-16 05:19:38
men at work - down under,2.0,4,0,operator,,2026-08-16 05:19:38
men at work - who can it be now?,0.5454545454545454,9,6,ai_prepop,dark,2026-08-16 05:19:38
michael jackson - beat it,0.5,1,2,operator,,2026-08-16 05:19:38
michael jackson - billie jean,0.5128205128205128,7,11,ai_prepop,fast,2026-08-16 05:19:38
michael jackson - black or white - single version,0.5217391304347826,7,11,ai_prepop,fast,2026-08-16 05:19:38
michael jackson - dirty diana,0.5,-1,-1,online,,2026-08-16 05:19:38
michael jackson - don't stop 'til you get enough,0.5,9,3,operator,,2026-08-16 05:19:38
michael jackson - remember the time,0.6060606060606061,3,9,ai_prepop,fast,2026-08-16 05:19:38
michael jackson - rock with you - single version,0.5357142857142857,3,4,ai_prepop,fast,2026-08-16 05:19:38
michael jackson - they don't care about us,0.6060606060606061,9,2,ai_prepop,dark,2026-08-16 05:19:38
midnight oil - beds are burning - remastered,0.5660377358490566,4,5,ai_prepop,dark,2026-08-16 05:19:38
miley cyrus - party in the u.s.a.,0.625,3,11,ai_prepop,fast,2026-08-16 05:19:38
miley cyrus - we can't stop,0.7058823529411765,3,11,ai_prepop,fast,2026-08-16 05:19:38
milli vanilli - blame it on the rain,0.5769230769230769,5,0,ai_prepop,slow,2026-08-16 05:19:38
milli vanilli - girl you know it's true,0.5887404282887777,5,8,operator,fast,2026-08-16 05:19:38
milli vanilli - i'm gonna miss you,0.8571428571428571,9,10,ai_prepop,slow,2026-08-16 05:19:38
millie small - my boy lollipop,0.45482325553894043,0,2,operator,,2026-08-16 05:19:38
misfits - last caress,0.3333333333333333,-1,-1,online,dark,2026-08-16 05:19:38
mkto - classic,0.6,7,4,ai_prepop,fast,2026-08-16 05:19:38
"modern talking, eric singleton - brother louie mix '98 (feat. eric singleton) - radio edit",0.5,4,11,ai_prepop,fast,2026-08-16 05:19:38
monica - why i love you so much,2.0,3,5,operator,,2026-08-16 05:19:38
ms. lauryn hill - doo wop (that thing),0.5642170906066895,8,5,operator,,2026-08-16 05:19:38
ms. lauryn hill - ex-factor,1.4237947463989258,4,11,operator,,2026-08-16 05:19:38
"myles lloyd, bunt. - crazy",0.4838709677419355,4,9,ai_prepop,fast,2026-08-16 05:19:38
naeleck - threnody (bombs away remix),0.42857142857142855,5,2,ai_prepop,dark,2026-08-16 05:19:38
"naeleck, sarah rebecca - all my heroes - radio edit",0.42857142857142855,5,6,ai_prepop,dark,2026-08-16 05:19:38
"nas, ginuwine - you owe me (feat. ginuwine)",0.6521739130434783,5,12,ai_prepop,slow,2026-08-16 05:19:38
"nas, ms. lauryn hill - if i ruled the world (imagine that) (feat. lauryn hill)",0.6741573033707865,4,4,ai_prepop,fast,2026-08-16 05:19:38
natalie imbruglia - torn,0.6,0,12,ai_prepop,slow,2026-08-16 05:19:38
neil diamond - sweet caroline,0.5,-1,-1,online,,2026-08-16 05:19:38
neil young - heart of gold,0.7894736842105263,7,12,operator,slow,2026-08-16 05:19:38
neil young - heart of gold - 2009 remaster,2.0,4,2,operator,,2026-08-16 05:19:38
nelly furtado - maneater,0.6,7,8,operator,dark,2026-08-16 05:19:38
"nelly furtado, timbaland - promiscuous",0.6,7,11,ai_prepop,fast,2026-08-16 05:19:38
new order - blue monday,0.46153846153846156,0,10,operator,dark,2026-08-16 05:19:38
nirvana - smells like teen spirit,0.5128205128205128,9,6,ai_prepop,dark,2026-08-16 05:19:38
one direction - what makes you beautiful,0.6521739130434783,4,9,online,fast,2026-08-16 05:19:38
outkast - hey ya!,0.375,3,1,ai_prepop,fast,2026-08-16 05:19:38
outkast - ms. jackson,0.631578947368421,7,8,ai_prepop,fast,2026-08-16 05:19:38
ozzy osbourne - crazy train,0.8963531653086344,4,4,operator,,2026-08-16 05:19:38
p!nk - so what,0.45919187863667804,5,11,operator,,2026-08-16 05:19:38
"p!nk, nate ruess - just give me a reason (feat. nate ruess)",2.0,6,0,operator,,2026-08-16 05:19:38
patty smyth - the warrior,0.8705387115478516,4,11,operator,,2026-08-16 05:19:38
"paul mccartney, wings - band on the run - 2010 remaster",0.5454545454545454,4,9,ai_prepop,fast,2026-08-16 05:19:38
paul simon - you can call me al,0.4838709677419355,4,8,ai_prepop,fast,2026-08-16 05:19:38
pearl jam - daughter,0.8333333333333334,-1,-1,online,dark,2026-08-16 05:19:38
pearl jam - daughter - remastered,0.6666666666666666,5,5,ai_prepop,dark,2026-08-16 05:19:38
pearl jam - even flow,0.5,5,5,ai_prepop,dark,2026-08-16 05:19:38
pearl jam - last kiss,2.0,6,11,operator,,2026-08-16 05:19:38
pet shop boys - west end girls,0.5357142857142857,4,2,ai_prepop,dark,2026-08-16 05:19:38
"philip bailey, phil collins - easy lover",0.5,2,10,operator,,2026-08-16 05:19:38
pink floyd - learning to fly,0.5172413793103449,9,12,ai_prepop,dark,2026-08-16 05:19:38
pink floyd - time,2.0,9,6,operator,,2026-08-16 05:19:38
"pitbull, afrojack, ne-yo, nayer - give me everything (feat. nayer)",0.46153846153846156,3,11,ai_prepop,fast,2026-08-16 05:19:38
"pitbull, kesha - timber",0.46153846153846156,7,9,ai_prepop,fast,2026-08-16 05:19:38
"pras, ol' dirty bastard, mýa - ghetto supastar (that is what you are) (feat. ol' dirty bastard & mýa)",0.5892392794291178,6,6,operator,,2026-08-16 05:19:38
prince - raspberry beret,0.5,7,8,ai_prepop,fast,2026-08-16 05:19:38
prince - the most beautiful girl in the world,2.0,6,7,operator,,2026-08-16 05:19:38
queen - a kind of magic - remastered 2011,2.0,0,9,operator,,2026-08-16 05:19:38
queen - another one bites the dust - remastered 2011,0.5454545454545454,5,5,ai_prepop,dark,2026-08-16 05:19:38
queen - crazy little thing called love,0.46153846153846156,-1,-1,online,fast,2026-08-16 05:19:38
queen - crazy little thing called love - remastered 2011,0.4,4,4,ai_prepop,fast,2026-08-16 05:19:38
queen - i want to break free - remastered 2011,0.5,7,8,ai_prepop,fast,2026-08-16 05:19:38
queen - radio ga ga - remastered 2011,0.5357142857142857,7,1,ai_prepop,fast,2026-08-16 05:19:38
"queen, david bowie - under pressure - remastered 2011",0.5263157894736842,9,2,ai_prepop,dark,2026-08-16 05:19:38
quiet riot - cum on feel the noize,0.45454545454545453,4,1,ai_prepop,fast,2026-08-16 05:19:38
r. kelly - ignition - remix,0.625,4,9,ai_prepop,fast,2026-08-16 05:19:38
r.e.m. - losing my religion,0.6122448979591837,-1,-1,online,,2026-08-16 05:19:38
radiohead - creep,0.6521739130434783,4,12,ai_prepop,dark,2026-08-16 05:19:38
ramones - blitzkrieg bop,0.674179474512736,5,10,operator,fast,2026-08-16 05:19:38
ray charles - i've got a woman,0.46153846153846156,4,11,ai_prepop,fast,2026-08-16 05:19:38
red hot chili peppers - californication,0.625,6,10,ai_prepop,slow,2026-08-16 05:19:38
red hot chili peppers - scar tissue,0.6593406593406593,5,10,ai_prepop,slow,2026-08-16 05:19:38
red hot chili peppers - under the bridge,0.7058823529411765,9,7,ai_prepop,slow,2026-08-16 05:19:38
reo speedwagon - can't fight this feeling,2.0,7,11,operator,,2026-08-16 05:19:38
reo speedwagon - keep on loving you,0.5454545454545454,9,10,ai_prepop,slow,2026-08-16 05:19:38
rick astley - never gonna give you up,0.5309734513274337,3,9,ai_prepop,fast,2026-08-16 05:19:38
rick springfield - jessie's girl,0.47244094488188976,4,11,ai_prepop,fast,2026-08-16 05:19:38
ricky martin - livin' la vida loca,0.5769230769230769,4,9,ai_prepop,fast,2026-08-16 05:19:38
rihanna - don't stop the music,0.4878048780487805,3,9,ai_prepop,fast,2026-08-16 05:19:38
rihanna - pon de replay,0.6521739130434783,3,11,online,fast,2026-08-16 05:19:38
"rihanna, jay-z - umbrella",1.3809657096862793,2,10,operator,,2026-08-16 05:19:38
rise (local heroes remix),0.42571202913920086,0,9,operator,,2026-08-16 05:19:38
rod stewart - do ya think i'm sexy,0.5128205128205128,-1,-1,online,,2026-08-16 05:19:38
"roxette - it must have been love - from the film ""pretty woman""",1.2663834889729817,0,8,operator,,2026-08-16 05:19:38
roy orbison - you got it,0.5454545454545454,9,12,ai_prepop,slow,2026-08-16 05:19:38
run–d.m.c. - it's tricky,0.5357142857142857,7,4,ai_prepop,fast,2026-08-16 05:19:38
"run–d.m.c., aerosmith - walk this way (feat. aerosmith)",0.5660377358490566,3,8,ai_prepop,fast,2026-08-16 05:19:38
sade - kiss of life,1.1026561260223389,6,1,operator,,2026-08-16 05:19:38
sade - paradise,0.5769230769230769,6,10,ai_prepop,slow,2026-08-16 05:19:38
sade - smooth operator - single version,2.0,6,11,operator,,2026-08-16 05:19:38
sam cooke - chain gang,0.5357142857142857,9,12,ai_prepop,dark,2026-08-16 05:19:38
"santana, rob thomas - smooth (feat. rob thomas)",2.0,7,11,operator,,2026-08-16 05:19:38
"santana, the product g&b - maria maria (feat. the product g&b)",2.0,6,5,operator,,2026-08-16 05:19:38
sarah mclachlan - building a mystery,0.6521739130434783,4,2,ai_prepop,dark,2026-08-16 05:19:38
savage garden - truly madly deeply,0.8823529411764706,9,7,ai_prepop,slow,2026-08-16 05:19:38
seals and crofts - summer breeze,0.6521739130434783,8,6,ai_prepop,slow,2026-08-16 05:19:38
sean kingston - beautiful girls,0.7894736842105263,8,6,ai_prepop,slow,2026-08-16 05:19:38
sean paul - temperature,1.502964973449707,2,0,operator,,2026-08-16 05:19:38
"shaggy, rik rok - it wasn't me",0.6521739130434783,-1,-1,online,,2026-08-16 05:19:38
"shakira, wyclef jean - hips don't lie (feat. wyclef jean)",0.6,3,11,ai_prepop,fast,2026-08-16 05:19:38
shawn colvin - sunny came home,0.4166666666666667,9,6,ai_prepop,dark,2026-08-16 05:19:38
"sickick, vikkstar, aloe blacc - lonely together",0.5,7,11,ai_prepop,fast,2026-08-16 05:19:38
silverchair - pure massacre,0.42857142857142855,9,12,ai_prepop,dark,2026-08-16 05:19:38
silverchair - suicidal dream,0.46153846153846156,5,6,ai_prepop,dark,2026-08-16 05:19:38
silverchair - tomorrow,0.7894736842105263,-1,-1,online,dark,2026-08-16 05:19:38
"simon & garfunkel - mrs. robinson - from ""the graduate"" soundtrack",0.631578947368421,4,1,ai_prepop,fast,2026-08-16 05:19:38
siouxsie and the banshees - siouxsie and the banshees - cities in dust,0.5,-1,-1,online,dark,2026-08-16 05:19:38
siouxsie and the banshees - siouxsie and the banshees - spellbound (official music video),0.5,-1,-1,online,dark,2026-08-16 05:19:38
sixpence none the richer - kiss me,0.410958904109589,3,9,ai_prepop,fast,2026-08-16 05:19:38
smash mouth - all star,0.5769230769230769,4,9,ai_prepop,fast,2026-08-16 05:19:38
"snoop dogg, pharrell williams - drop it like it's hot",0.5948415597279867,4,2,operator,,2026-08-16 05:19:38
sonny & cher - i got you babe,0.45454545454545453,4,1,ai_prepop,fast,2026-08-16 05:19:38
soul asylum - runaway train (2022 remaster),0.6666666666666666,9,6,ai_prepop,dark,2026-08-16 05:19:38
soulja boy - crank that (soulja boy),0.42857142857142855,4,9,ai_prepop,fast,2026-08-16 05:19:38
spandau ballet - true,0.8333333333333334,8,6,ai_prepop,slow,2026-08-16 05:19:38
spice girls - wannabe,0.5380978584289551,6,2,operator,,2026-08-16 05:19:38
spin doctors - little miss can't be wrong,0.5769230769230769,7,1,ai_prepop,fast,2026-08-16 05:19:38
spin doctors - two princes,0.6451612903225806,3,9,ai_prepop,fast,2026-08-16 05:19:38
stealers wheel - stuck in the middle with you,0.46153846153846156,7,8,ai_prepop,fast,2026-08-16 05:19:38
steely dan - reelin' in the years,0.4838709677419355,7,4,ai_prepop,fast,2026-08-16 05:19:38
steve perry - oh sherrie,0.5263157894736842,7,1,ai_prepop,fast,2026-08-16 05:19:38
styx - come sail away,0.5,3,2,operator,,2026-08-16 05:19:38
sublime - santeria,0.6666666666666666,5,12,ai_prepop,slow,2026-08-16 05:19:38
"survivor - burning heart - from ""rocky iv"" soundtrack",1.1867469946543376,0,1,operator,,2026-08-16 05:19:38
survivor - eye of the tiger,0.5504587155963303,4,1,ai_prepop,fast,2026-08-16 05:19:38
swedish house mafia - save the world,0.46875,7,11,ai_prepop,fast,2026-08-16 05:19:38
"swedish house mafia, john martin - don't you worry child - radio edit",0.46511627906976744,3,4,ai_prepop,fast,2026-08-16 05:19:38
swv - weak,0.8823529411764706,1,6,ai_prepop,slow,2026-08-16 05:19:38
"t-pain, yung joc - buy u a drank (shawty snappin') (feat. yung joc)",0.8108108108108109,4,4,ai_prepop,fast,2026-08-16 05:19:38
taio cruz - dynamite,0.5,3,1,ai_prepop,fast,2026-08-16 05:19:38
take that - back for good - radio mix,2.0,5,0,operator,,2026-08-16 05:19:38
tal bachman - she's so high,0.42857142857142855,4,11,ai_prepop,fast,2026-08-16 05:19:38
tears for fears - everybody wants to rule the world,1.082911729812622,9,8,operator,,2026-08-16 05:19:38
teddy pendergrass - love t.k.o.,0.8823529411764706,6,6,ai_prepop,slow,2026-08-16 05:19:38
teena marie - out on a limb,0.9281970659891764,5,4,operator,,2026-08-16 05:19:38
the alan parsons project - eye in the sky,0.5769230769230769,5,6,ai_prepop,dark,2026-08-16 05:19:38
the alan parsons project - sirius,0.5,9,12,ai_prepop,dark,2026-08-16 05:19:38
the animals - house of the rising sun,0.5,4,2,ai_prepop,dark,2026-08-16 05:19:38
the b-52's - love shack,0.46153846153846156,3,4,ai_prepop,fast,2026-08-16 05:19:38
"the bangles, susanna hoffs - eternal flame",2.0,0,0,operator,,2026-08-16 05:19:38
the beach boys - good vibrations - 2001 - remaster,0.5,3,9,ai_prepop,fast,2026-08-16 05:19:38
the beatles - let it be - remastered 2009,0.8450704225352113,-1,-1,online,,2026-08-16 05:19:38
the chicks - there's your trouble,0.42857142857142855,3,4,ai_prepop,fast,2026-08-16 05:19:38
the chordettes - mr. sandman,0.46153846153846156,4,1,ai_prepop,fast,2026-08-16 05:19:38
the chords - sh-boom,1.1790307362874348,8,4,operator,,2026-08-16 05:19:38
the clash - rock the casbah - remastered,0.45454545454545453,4,8,ai_prepop,fast,2026-08-16 05:19:38
the clash - should i stay or should i go - remastered,0.5309734513274337,3,11,ai_prepop,fast,2026-08-16 05:19:38
the clovers - love potion no. 9 - remastered / single version,0.42857142857142855,7,9,ai_prepop,fast,2026-08-16 05:19:38
the cranberries - zombie,0.7058823529411765,9,5,ai_prepop,dark,2026-08-16 05:19:38
the cure - just like heaven,0.44776119402985076,7,1,ai_prepop,fast,2026-08-16 05:19:38
the doors - light my fire - new stereo mix advanced resolution,0.9458567301432291,4,5,operator,fast,2026-08-16 05:19:38
the drifters - under the boardwalk,2.0,0,1,operator,,2026-08-16 05:19:38
the emotions - best of my love,0.5172413793103449,7,8,ai_prepop,fast,2026-08-16 05:19:38
the foundations - build me up buttercup,0.4411764705882353,4,11,ai_prepop,fast,2026-08-16 05:19:38
"the four seasons - december, 1963 (oh what a night!)",0.5172413793103449,4,11,ai_prepop,fast,2026-08-16 05:19:38
the human league - don't you want me,0.4838709677419355,9,5,ai_prepop,dark,2026-08-16 05:19:38
the jackson 5 - abc,0.5,3,8,ai_prepop,fast,2026-08-16 05:19:38
the killers - mr. brightside,0.40540540540540543,7,1,ai_prepop,fast,2026-08-16 05:19:38
the kinks - you really got me,0.46153846153846156,3,8,ai_prepop,fast,2026-08-16 05:19:38
the lovin' spoonful - do you believe in magic?,0.5,4,8,ai_prepop,fast,2026-08-16 05:19:38
the mamas & the papas - california dreamin' - single version,0.625,9,12,ai_prepop,slow,2026-08-16 05:19:38
the monkees - i'm a believer,0.46153846153846156,4,4,ai_prepop,fast,2026-08-16 05:19:38
the neighbourhood - sweater weather,0.631578947368421,9,2,online,dark,2026-08-16 05:19:38
the outfield - your love,0.5263157894736842,3,11,ai_prepop,fast,2026-08-16 05:19:38
the pointer sisters - i'm so excited,0.5,3,9,ai_prepop,fast,2026-08-16 05:19:38
the rolling stones - (i can't get no) satisfaction,0.4411764705882353,2,11,operator,fast,2026-08-16 05:19:38
the romantics - talking in your sleep (2023 remaster),0.47619047619047616,3,8,ai_prepop,fast,2026-08-16 05:19:38
the ronettes - be my baby,0.5,8,12,ai_prepop,slow,2026-08-16 05:19:38
the shangri-las - leader of the pack,0.8949415683746338,0,7,operator,,2026-08-16 05:19:38
the smiths - there is a light that never goes out - 2011 remaster,0.8356835047403971,7,6,operator,,2026-08-16 05:19:38
the strokes - last nite,0.6521739130434783,4,8,online,dark,2026-08-16 05:19:38
the supremes - you can't hurry love,0.5,7,4,ai_prepop,fast,2026-08-16 05:19:38
the temptations - my girl,0.5769230769230769,7,9,ai_prepop,fast,2026-08-16 05:19:38
the the - this is the day,0.45454545454545453,4,8,ai_prepop,fast,2026-08-16 05:19:38
the tokens - the lion sleeps tonight (re-recorded),0.47494713465372723,6,2,operator,,2026-08-16 05:19:38
the trashmen - surfin' bird - original recording,0.4,3,11,ai_prepop,fast,2026-08-16 05:19:38
the turtles - happy together,0.46497535705566406,1,2,operator,,2026-08-16 05:19:38
the verve - bitter sweet symphony - remastered 2016,1.340765158335368,0,4,operator,,2026-08-16 05:19:38
the white stripes - seven nation army,0.4838709677419355,4,12,ai_prepop,dark,2026-08-16 05:19:38
the who - pinball wizard - original album version,0.36809815950920244,4,9,ai_prepop,fast,2026-08-16 05:19:38
"the yardbirds, eric clapton - for your love",0.6833235422770182,6,6,operator,,2026-08-16 05:19:38
the zombies - time of the season - mono version,1.046050786972046,9,2,operator,,2026-08-16 05:19:38
"timbaland, keri hilson, d.o.e. - the way i are",0.5193993250528971,4,5,operator,,2026-08-16 05:19:38
tlc - creep,0.6521739130434783,4,12,ai_prepop,dark,2026-08-16 05:19:38
tlc - no scrubs,0.6451612903225806,4,4,ai_prepop,fast,2026-08-16 05:19:38
tlc - waterfalls,0.6593406593406593,9,6,ai_prepop,dark,2026-08-16 05:19:38
tom jones - it's not unusual,0.47619047619047616,7,8,ai_prepop,fast,2026-08-16 05:19:38
toni braxton - he wasn't man enough,2.0,4,10,operator,slow,2026-08-16 05:19:38
toni braxton - un-break my heart,1.0121642748514812,4,6,operator,,2026-08-16 05:19:38
toto - africa,0.6451612903225806,7,4,ai_prepop,fast,2026-08-16 05:19:38
toto - rosanna,0.6976744186046512,5,0,ai_prepop,slow,2026-08-16 05:19:38
"train - hey, soul sister",2.0,0,2,operator,,2026-08-16 05:19:38
train - meet virginia,0.5,2,1,operator,,2026-08-16 05:19:38
u2 - beautiful day,0.4411764705882353,4,8,ai_prepop,fast,2026-08-16 05:19:38
u2 - with or without you,0.5215359528859457,9,1,operator,slow,2026-08-16 05:19:38
usher - you make me wanna...,0.6521739130434783,-1,-1,online,,2026-08-16 05:19:38
"usher, alicia keys - my boo",0.6666666666666666,8,7,ai_prepop,slow,2026-08-16 05:19:38
"usher, lil jon, ludacris - yeah! (feat. lil jon & ludacris)",0.5660377358490566,4,9,ai_prepop,fast,2026-08-16 05:19:38
"usher, pitbull - dj got us fallin' in love (feat. pitbull)",0.5129781564076742,0,2,operator,,2026-08-16 05:19:38
van morrison - brown eyed girl,0.5357142857142857,9,5,operator,fast,2026-08-16 05:19:38
vance joy - riptide,0.6521739130434783,9,10,online,fast,2026-08-16 05:19:38
warrant - cherry pie,0.45454545454545453,3,11,ai_prepop,fast,2026-08-16 05:19:38
westlife - if i let you go - radio edit,0.8571428571428571,1,0,ai_prepop,slow,2026-08-16 05:19:38
wham! - club tropicana,0.5,4,1,ai_prepop,fast,2026-08-16 05:19:38
wham! - everything she wants,0.5263157894736842,9,6,ai_prepop,dark,2026-08-16 05:19:38
wham! - wake me up before you go-go,0.4878048780487805,7,9,ai_prepop,fast,2026-08-16 05:19:38
whitney houston - how will i know,0.5263157894736842,-1,-1,online,,2026-08-16 05:19:38
whitney houston - i have nothing,0.8823529411764706,5,12,online,slow,2026-08-16 05:19:38
whitney houston - i wanna dance with somebody (who loves me),0.5042016806722689,3,4,ai_prepop,fast,2026-08-16 05:19:38
whitney houston - i will always love you,0.8823529411764706,0,7,ai_prepop,slow,2026-08-16 05:19:38
whitney houston - it's not right but it's okay,0.5,3,12,operator,,2026-08-16 05:19:38
whitney houston - my love is your love,0.6451612903225806,3,4,ai_prepop,fast,2026-08-16 05:19:38
whitney houston - saving all my love for you,0.8823529411764706,1,10,ai_prepop,slow,2026-08-16 05:19:38
will smith - gettin' jiggy wit it,0.6,7,8,ai_prepop,fast,2026-08-16 05:19:38
"will smith - men in black - from ""men in black"" soundtrack",0.6521739130434783,4,8,ai_prepop,fast,2026-08-16 05:19:38
will smith - miami,0.5307953357696533,2,3,operator,,2026-08-16 05:19:38
"will.i.am, britney spears - scream & shout",0.46153846153846156,4,1,ai_prepop,fast,2026-08-16 05:19:38
wiz khalifa - black and yellow,0.8108108108108109,7,9,ai_prepop,fast,2026-08-16 05:19:38
"wyclef jean, new york philharmonic - gone till november (feat. the new york philharmonic orchestra)",2.0,8,9,operator,,2026-08-16 05:19:38
